"Date","Price","Open","High","Low","Vol.","Change %"
"06/13/2023","106.98","107.30","107.35","106.11","495.69K","0.70%"
"06/12/2023","106.24","104.81","106.29","104.54","520.76K","2.11%"
"06/09/2023","104.04","104.05","105.02","103.66","658.29K","0.46%"
"06/08/2023","103.56","102.46","103.83","102.46","713.53K","0.99%"
"06/07/2023","102.54","104.68","105.39","102.31","1.03M","-2.10%"
"06/06/2023","104.74","104.32","105.11","103.97","702.76K","0.17%"
"06/05/2023","104.56","104.61","105.63","104.29","953.44K","-0.29%"
"06/02/2023","104.86","104.86","105.40","104.15","828.40K","0.64%"
"06/01/2023","104.19","102.75","104.62","102.50","637.87K","1.07%"
"05/31/2023","103.09","102.98","104.00","102.88","517.92K","-0.66%"
"05/30/2023","103.78","104.84","105.19","103.38","1.11M","0.50%"
"05/26/2023","103.26","100.74","103.43","100.74","1.13M","2.78%"
"05/25/2023","100.47","99.84","100.82","99.06","646.75K","3.52%"
"05/24/2023","97.05","96.74","97.40","96.37","401.15K","-0.58%"
"05/23/2023","97.62","98.51","98.91","97.59","451.15K","-1.45%"
"05/22/2023","99.06","98.22","99.36","98.20","362.53K","0.51%"
"05/19/2023","98.56","98.84","99.00","98.28","798.61K","-0.16%"
"05/18/2023","98.72","96.87","98.87","96.87","534.95K","2.12%"
"05/17/2023","96.67","95.61","96.80","95.21","753.78K","1.48%"
"05/16/2023","95.26","94.66","95.73","94.65","598.00K","0.27%"
"05/15/2023","95.00","94.20","95.00","93.95","255.25K","0.89%"
"05/12/2023","94.16","94.46","94.58","93.43","361.22K","-0.21%"
"05/11/2023","94.36","94.44","94.57","93.75","265.36K","0.08%"
"05/10/2023","94.28","93.79","94.53","93.22","362.44K","1.52%"
"05/09/2023","92.87","92.96","93.39","92.80","251.29K","-0.63%"
"05/08/2023","93.46","92.89","93.53","92.64","274.78K","0.38%"
"05/05/2023","93.11","91.79","93.43","91.69","316.91K","2.24%"
"05/04/2023","91.07","91.15","91.77","90.76","328.51K","-0.44%"
"05/03/2023","91.47","92.20","92.92","91.43","476.40K","-0.78%"
"05/02/2023","92.19","93.22","93.30","91.69","649.27K","-1.05%"
"05/01/2023","93.17","92.95","93.57","92.83","471.78K","0.14%"
"04/28/2023","93.04","92.21","93.06","91.95","365.82K","0.79%"
"04/27/2023","92.31","90.86","92.46","90.75","447.58K","2.61%"
"04/26/2023","89.96","90.23","90.94","89.76","493.98K","1.44%"
"04/25/2023","88.68","90.27","90.38","88.64","368.57K","-2.31%"
"04/24/2023","90.78","90.92","91.37","90.09","397.42K","-0.39%"
"04/21/2023","91.14","91.13","91.31","90.63","252.67K","-0.35%"
"04/20/2023","91.46","91.21","92.36","91.02","499.65K","-0.53%"
"04/19/2023","91.95","91.29","92.15","91.20","248.01K","-0.22%"
"04/18/2023","92.15","92.71","92.97","91.81","299.47K","0.10%"
"04/17/2023","92.06","91.70","92.11","91.27","344.40K","0.03%"
"04/14/2023","92.03","91.71","92.58","91.12","245.79K","-0.29%"
"04/13/2023","92.30","90.97","92.40","90.89","347.13K","1.99%"
"04/12/2023","90.50","91.64","91.98","90.36","453.43K","-0.60%"
"04/11/2023","91.05","91.73","91.73","90.82","336.21K","-0.89%"
"04/10/2023","91.87","91.02","91.88","90.59","337.90K","-0.15%"
"04/06/2023","92.01","90.68","92.12","90.18","568.54K","0.90%"
"04/05/2023","91.19","91.97","92.00","90.51","398.26K","-1.25%"
"04/04/2023","92.34","92.94","93.25","92.00","548.23K","-0.46%"
"04/03/2023","92.77","92.30","92.82","91.81","777.82K","-0.04%"
"03/31/2023","92.81","91.20","92.93","91.05","567.50K","1.71%"
"03/30/2023","91.25","91.01","91.41","90.68","421.39K","1.00%"
"03/29/2023","90.35","89.67","90.55","89.53","693.55K","1.93%"
"03/28/2023","88.64","89.02","89.02","87.82","424.81K","-0.56%"
"03/27/2023","89.14","90.09","90.38","88.91","440.97K","-1.01%"
"03/24/2023","90.05","89.77","90.05","88.97","501.87K","0.13%"
"03/23/2023","89.93","89.60","91.12","89.14","780.25K","1.51%"
"03/22/2023","88.59","89.60","91.34","88.59","733.17K","-1.15%"
"03/21/2023","89.62","88.97","89.78","88.37","802.34K","1.28%"
"03/20/2023","88.49","88.16","88.60","87.43","1.92M","0.15%"
"03/17/2023","88.36","88.91","89.48","87.81","6.63M","-0.20%"
"03/16/2023","88.54","85.57","88.64","85.49","904.65K","3.23%"
"03/15/2023","85.77","84.60","85.91","84.12","705.50K","0.45%"
"03/14/2023","85.39","84.52","85.66","84.21","479.64K","2.57%"
"03/13/2023","83.25","82.02","84.31","81.54","1.74M","0.70%"
"03/10/2023","82.67","84.11","84.44","82.32","488.96K","-1.86%"
"03/09/2023","84.24","85.97","86.85","84.07","309.82K","-1.84%"
"03/08/2023","85.82","85.19","85.98","84.98","270.23K","0.95%"
"03/07/2023","85.01","85.99","86.35","84.82","421.26K","-1.16%"
"03/06/2023","86.01","86.28","87.32","85.90","434.47K","0.28%"
"03/03/2023","85.77","84.35","85.77","84.35","210.95K","2.29%"
"03/02/2023","83.85","82.34","84.08","82.23","315.24K","1.38%"
"03/01/2023","82.71","83.23","83.64","82.61","523.80K","-0.71%"
"02/28/2023","83.30","83.00","84.07","82.97","239.59K","0.11%"
"02/27/2023","83.21","83.79","84.06","83.09","205.48K","0.43%"
"02/24/2023","82.85","82.90","83.11","82.35","237.16K","-1.82%"
"02/23/2023","84.39","84.71","84.79","83.18","583.25K","1.48%"
"02/22/2023","83.16","83.30","83.77","82.70","394.64K","0.08%"
"02/21/2023","83.09","84.02","84.58","83.07","325.83K","-2.50%"
"02/17/2023","85.22","85.63","85.77","84.41","353.03K","-1.30%"
"02/16/2023","86.34","86.50","87.64","86.25","294.29K","-2.08%"
"02/15/2023","88.17","86.97","88.17","86.81","263.06K","0.71%"
"02/14/2023","87.55","86.48","87.86","85.94","417.39K","0.79%"
"02/13/2023","86.86","85.82","87.08","85.62","726.67K","1.79%"
"02/10/2023","85.33","85.39","85.82","84.66","258.97K","-0.96%"
"02/09/2023","86.16","88.17","88.24","85.72","984.15K","-0.91%"
"02/08/2023","86.95","88.30","88.70","86.77","305.61K","-1.97%"
"02/07/2023","88.70","86.39","89.04","86.29","356.54K","2.80%"
"02/06/2023","86.28","86.39","87.13","85.94","379.11K","-1.29%"
"02/03/2023","87.41","86.59","89.24","86.59","625.43K","-1.57%"
"02/02/2023","88.80","87.48","89.34","87.17","2.08M","4.45%"
"02/01/2023","85.02","82.63","85.65","82.41","1.12M","2.82%"
"01/31/2023","82.69","81.37","82.71","81.37","315.99K","1.58%"
"01/30/2023","81.40","82.23","82.54","81.32","340.38K","-2.19%"
"01/27/2023","83.22","82.15","83.86","82.09","465.53K","0.62%"
"01/26/2023","82.71","82.00","82.77","81.15","351.61K","2.02%"
"01/25/2023","81.07","79.97","81.33","79.16","434.73K","-0.49%"
"01/24/2023","81.47","81.25","81.97","81.07","333.18K","-0.38%"
"01/23/2023","81.78","79.96","82.09","79.83","703.54K","2.73%"
"01/20/2023","79.61","77.67","79.67","77.45","392.84K","3.14%"
"01/19/2023","77.19","77.20","77.86","76.77","315.74K","-0.78%"
"01/18/2023","77.80","79.24","79.79","77.75","421.19K","-1.14%"
"01/17/2023","78.70","78.31","79.08","78.00","965.30K","0.42%"
"01/13/2023","78.37","77.11","78.46","77.11","366.58K","0.50%"
"01/12/2023","77.98","77.52","78.31","76.33","515.01K","0.71%"
"01/11/2023","77.43","76.22","77.45","76.04","2.37M","1.87%"
"01/10/2023","76.01","75.06","76.01","74.84","314.08K","0.70%"
"01/09/2023","75.48","75.22","76.92","75.22","503.12K","1.36%"
"01/06/2023","74.47","73.19","74.82","72.09","493.17K","2.66%"
"01/05/2023","72.54","73.66","73.66","72.44","586.68K","-2.21%"
"01/04/2023","74.18","74.47","74.66","73.29","466.84K","0.31%"
"01/03/2023","73.95","75.28","76.00","73.40","474.47K","-0.72%"
"12/30/2022","74.49","73.57","74.49","73.30","479.26K","-0.05%"
"12/29/2022","74.53","73.18","74.80","73.05","443.68K","2.94%"
"12/28/2022","72.40","73.34","74.00","72.33","598.33K","-1.63%"
"12/27/2022","73.60","74.21","74.21","73.26","379.18K","-1.17%"
"12/23/2022","74.47","73.88","74.55","73.29","506.51K","0.13%"
"12/22/2022","74.37","75.37","75.37","73.10","453.41K","-2.76%"
"12/21/2022","76.48","75.42","76.79","75.23","648.58K","1.68%"
"12/20/2022","75.22","74.50","75.59","74.19","912.97K","0.23%"
"12/19/2022","75.05","76.36","76.36","74.56","409.09K","-1.60%"
"12/16/2022","76.27","76.95","77.47","75.85","451.57K","-1.04%"
"12/15/2022","77.07","78.79","78.95","76.69","448.20K","-3.89%"
"12/14/2022","80.19","80.72","81.71","79.20","584.42K","-0.74%"
"12/13/2022","80.79","82.64","83.31","79.97","511.16K","1.51%"
"12/12/2022","79.59","78.24","79.60","78.11","270.86K","1.91%"
"12/09/2022","78.10","78.25","79.18","77.90","286.92K","-0.53%"
"12/08/2022","78.52","77.83","78.83","77.12","332.23K","1.63%"
"12/07/2022","77.26","77.48","78.05","76.89","487.72K","-0.69%"
"12/06/2022","77.80","79.54","79.64","77.33","480.77K","-2.31%"
"12/05/2022","79.64","80.69","81.05","79.18","390.64K","-1.84%"
"12/02/2022","81.13","80.06","81.39","79.96","337.91K","-0.72%"
"12/01/2022","81.72","81.48","82.04","80.62","405.24K","0.37%"
"11/30/2022","81.42","77.09","81.44","77.09","524.16K","5.43%"
"11/29/2022","77.23","77.97","78.15","76.92","314.23K","-0.95%"
"11/28/2022","77.97","78.94","79.32","77.67","344.62K","-2.17%"
"11/25/2022","79.70","79.75","79.98","79.59","116.84K","-0.78%"
"11/23/2022","80.33","79.30","80.53","79.30","267.25K","1.16%"
"11/22/2022","79.41","78.16","79.47","77.54","400.43K","1.87%"
"11/21/2022","77.95","78.41","78.73","77.81","366.75K","-1.30%"
"11/18/2022","78.98","80.00","80.00","78.33","332.46K","-0.16%"
"11/17/2022","79.11","77.95","79.54","77.73","549.30K","-0.23%"
"11/16/2022","79.29","80.04","80.13","79.07","436.14K","-1.91%"
"11/15/2022","80.83","81.51","81.85","79.94","486.30K","1.83%"
"11/14/2022","79.38","79.56","80.42","78.93","387.09K","-1.05%"
"11/11/2022","80.22","78.19","80.56","77.91","604.68K","2.48%"
"11/10/2022","78.28","75.69","78.38","75.46","661.98K","8.84%"
"11/09/2022","71.92","73.01","73.14","71.83","388.80K","-2.36%"
"11/08/2022","73.66","73.47","74.61","72.56","610.33K","1.00%"
"11/07/2022","72.93","71.90","73.07","71.32","464.76K","1.74%"
"11/04/2022","71.68","72.16","72.37","70.00","837.54K","1.36%"
"11/03/2022","70.72","71.74","72.07","70.70","693.37K","-2.66%"
"11/02/2022","72.65","75.47","76.23","72.64","521.64K","-3.81%"
"11/01/2022","75.53","77.34","77.65","75.40","509.47K","-1.13%"
"10/31/2022","76.39","76.72","77.01","75.90","511.01K","-1.39%"
"10/28/2022","77.47","74.75","77.65","74.75","717.72K","4.08%"
"10/27/2022","74.43","75.72","76.26","74.29","978.53K","-2.25%"
"10/26/2022","76.14","76.17","78.00","75.84","734.41K","-3.39%"
"10/25/2022","78.81","77.33","78.90","77.30","930.19K","2.18%"
"10/24/2022","77.13","76.36","77.37","75.27","1.89M","1.22%"
"10/21/2022","76.20","74.01","76.34","73.75","4.03M","2.30%"
"10/20/2022","74.49","74.52","76.16","74.10","18.63M","0.31%"
"10/19/2022","74.26","74.06","75.15","73.60","322.80K","-0.47%"
"10/18/2022","74.61","75.93","76.25","73.70","561.96K","0.89%"
"10/17/2022","73.95","73.27","74.24","73.27","443.07K","3.40%"
"10/14/2022","71.52","74.40","74.64","71.41","653.97K","-3.01%"
"10/13/2022","73.74","69.78","74.17","69.49","4.91M","2.56%"
"10/12/2022","71.90","72.07","72.57","71.65","426.23K","-0.22%"
"10/11/2022","72.06","72.75","73.42","71.48","792.15K","-1.66%"
"10/10/2022","73.28","74.71","74.81","72.54","633.40K","-1.91%"
"10/07/2022","74.71","76.42","76.50","74.34","607.13K","-4.34%"
"10/06/2022","78.10","78.19","79.31","78.02","381.89K","-0.57%"
"10/05/2022","78.55","77.12","79.07","76.60","462.30K","0.28%"
"10/04/2022","78.33","77.10","78.35","77.10","622.16K","3.53%"
"10/03/2022","75.66","73.97","76.06","73.72","497.49K","3.12%"
"09/30/2022","73.37","74.41","75.68","73.32","999.76K","-1.79%"
"09/29/2022","74.71","75.64","75.70","73.79","677.95K","-2.70%"
"09/28/2022","76.78","75.32","77.14","74.87","514.77K","1.37%"
"09/27/2022","75.74","76.50","77.22","74.98","870.81K","0.34%"
"09/26/2022","75.48","75.86","77.21","75.37","658.58K","-0.96%"
"09/23/2022","76.21","76.50","76.80","75.20","838.22K","-1.33%"
"09/22/2022","77.24","77.67","78.11","76.86","425.56K","-1.10%"
"09/21/2022","78.10","79.61","81.08","78.10","435.71K","-1.50%"
"09/20/2022","79.29","79.19","79.96","78.73","444.70K","-0.84%"
"09/19/2022","79.96","78.48","80.06","78.48","285.58K","0.87%"
"09/16/2022","79.27","79.01","79.43","78.30","796.18K","-0.84%"
"09/15/2022","79.94","81.03","81.70","79.50","386.77K","-2.30%"
"09/14/2022","81.82","81.73","82.16","80.99","325.50K","0.48%"
"09/13/2022","81.43","83.71","83.90","81.23","396.54K","-5.69%"
"09/12/2022","86.34","85.64","86.34","85.50","333.08K","1.37%"
"09/09/2022","85.17","83.83","85.38","83.83","197.11K","2.44%"
"09/08/2022","83.14","82.09","83.57","81.73","385.19K","0.52%"
"09/07/2022","82.71","81.53","83.07","81.18","325.62K","1.71%"
"09/06/2022","81.32","82.12","82.38","80.86","524.02K","-0.94%"
"09/02/2022","82.09","84.03","84.54","81.66","316.60K","-1.24%"
"09/01/2022","83.12","82.90","83.28","81.33","452.12K","-0.78%"
"08/31/2022","83.77","85.23","85.52","83.77","270.01K","-0.79%"
"08/30/2022","84.44","85.89","85.91","83.66","305.44K","-0.96%"
"08/29/2022","85.26","85.73","86.34","85.01","287.57K","-1.46%"
"08/26/2022","86.52","90.37","90.60","86.49","365.05K","-4.49%"
"08/25/2022","90.59","89.08","90.61","89.08","213.63K","2.10%"
"08/24/2022","88.73","88.42","89.20","88.25","185.31K","0.24%"
"08/23/2022","88.52","88.54","89.62","88.41","316.54K","-0.23%"
"08/22/2022","88.72","90.00","90.00","88.46","236.39K","-2.88%"
"08/19/2022","91.35","92.55","92.55","91.11","246.50K","-2.21%"
"08/18/2022","93.41","92.87","93.80","92.57","368.51K","0.43%"
"08/17/2022","93.01","93.22","93.81","92.35","524.82K","-1.12%"
"08/16/2022","94.06","94.08","94.60","93.15","229.95K","-0.47%"
"08/15/2022","94.50","93.68","94.67","93.54","214.86K","0.46%"
"08/12/2022","94.07","92.71","94.07","92.49","287.57K","2.21%"
"08/11/2022","92.04","93.37","94.00","91.86","738.26K","-0.68%"
"08/10/2022","92.67","91.94","92.71","91.42","1.13M","3.30%"
"08/09/2022","89.71","90.20","90.30","89.15","182.26K","-1.44%"
"08/08/2022","91.02","91.43","92.62","90.58","238.21K","-0.60%"
"08/05/2022","91.57","90.22","92.00","90.18","316.03K","-0.25%"
"08/04/2022","91.80","91.18","91.80","90.56","318.60K","0.49%"
"08/03/2022","91.35","89.06","91.58","89.06","299.02K","2.89%"
"08/02/2022","88.78","88.18","89.80","87.85","226.53K","-0.26%"
"08/01/2022","89.01","88.41","90.00","88.09","237.82K","-0.15%"
"07/29/2022","89.14","87.86","89.34","87.42","333.18K","1.54%"
"07/28/2022","87.79","86.61","87.91","85.71","264.28K","1.07%"
"07/27/2022","86.86","84.36","87.35","84.30","347.67K","4.98%"
"07/26/2022","82.74","84.23","84.28","82.46","266.10K","-2.24%"
"07/25/2022","84.64","85.16","85.37","83.97","340.23K","-0.86%"
"07/22/2022","85.37","87.00","87.42","84.83","293.04K","-2.47%"
"07/21/2022","87.53","86.58","87.53","85.43","1.07M","1.24%"
"07/20/2022","86.46","84.71","86.83","84.70","418.63K","2.08%"
"07/19/2022","84.70","83.09","84.81","82.50","312.45K","3.27%"
"07/18/2022","82.02","83.69","84.06","81.76","261.94K","-0.94%"
"07/15/2022","82.80","82.14","82.83","81.71","440.80K","1.85%"
"07/14/2022","81.30","80.25","81.62","79.15","296.72K","0.38%"
"07/13/2022","80.99","79.75","81.61","79.64","355.76K","-0.48%"
"07/12/2022","81.38","82.93","83.53","80.91","344.87K","-1.54%"
"07/11/2022","82.65","83.49","83.49","82.21","171.79K","-2.14%"
"07/08/2022","84.46","83.28","84.81","83.15","324.65K","0.09%"
"07/07/2022","84.38","82.73","84.59","82.72","287.41K","2.53%"
"07/06/2022","82.30","81.76","82.96","81.35","421.49K","0.71%"
"07/05/2022","81.72","78.72","81.74","78.38","420.06K","2.24%"
"07/01/2022","79.93","79.46","80.16","78.62","323.72K","-0.03%"
"06/30/2022","79.95","80.10","81.04","78.61","352.47K","-1.54%"
"06/29/2022","81.20","81.12","81.79","80.39","238.94K","-0.01%"
"06/28/2022","81.21","84.05","84.66","81.18","332.90K","-3.28%"
"06/27/2022","83.96","84.99","84.99","83.58","321.99K","-0.86%"
"06/24/2022","84.69","82.29","84.70","82.29","463.50K","4.03%"
"06/23/2022","81.41","80.73","81.60","79.99","490.68K","1.78%"
"06/22/2022","79.99","79.42","81.26","79.39","497.76K","-0.39%"
"06/21/2022","80.30","79.60","81.12","79.60","472.57K","2.48%"
"06/17/2022","78.36","77.56","79.06","77.01","612.22K","1.07%"
"06/16/2022","77.53","78.96","79.05","76.91","493.70K","-4.31%"
"06/15/2022","81.02","80.14","82.22","79.25","453.07K","2.39%"
"06/14/2022","79.13","79.40","79.82","78.40","540.41K","0.55%"
"06/13/2022","78.70","80.05","80.79","78.45","685.27K","-4.88%"
"06/10/2022","82.74","84.63","84.83","82.73","391.61K","-4.01%"
"06/09/2022","86.20","88.00","88.99","86.18","293.73K","-2.85%"
"06/08/2022","88.73","89.28","89.81","88.44","183.37K","-0.92%"
"06/07/2022","89.55","87.55","89.74","87.43","263.83K","1.22%"
"06/06/2022","88.47","89.51","90.10","88.07","182.62K","0.20%"
"06/03/2022","88.29","89.09","89.58","87.86","324.53K","-2.68%"
"06/02/2022","90.72","87.43","90.75","87.16","371.14K","3.04%"
"06/01/2022","88.04","89.25","90.17","87.42","480.18K","-0.31%"
"05/31/2022","88.31","88.75","89.28","87.37","459.16K","-0.69%"
"05/27/2022","88.92","86.74","88.93","86.74","476.23K","3.65%"
"05/26/2022","85.79","83.08","86.20","82.93","396.07K","2.60%"
"05/25/2022","83.62","81.91","84.26","81.91","395.00K","1.43%"
"05/24/2022","82.44","82.92","83.03","80.91","605.24K","-2.55%"
"05/23/2022","84.60","83.23","84.76","82.77","341.08K","1.89%"
"05/20/2022","83.03","84.25","84.51","80.40","1.18M","-0.06%"
"05/19/2022","83.08","83.11","84.61","82.78","1.07M","-0.53%"
"05/18/2022","83.52","86.49","86.82","83.23","690.87K","-4.82%"
"05/17/2022","87.75","87.28","87.86","86.08","503.28K","2.67%"
"05/16/2022","85.47","85.88","86.66","85.03","303.94K","-1.33%"
"05/13/2022","86.62","84.64","87.10","84.21","307.62K","3.81%"
"05/12/2022","83.44","82.82","84.79","81.49","1.27M","-0.48%"
"05/11/2022","83.84","85.92","87.65","83.65","662.25K","-3.35%"
"05/10/2022","86.75","87.45","88.09","85.31","1.32M","1.57%"
"05/09/2022","85.41","87.36","88.00","85.00","1.49M","-4.15%"
"05/06/2022","89.11","89.39","90.81","87.78","866.59K","-1.15%"
"05/05/2022","90.15","93.51","93.59","89.02","738.14K","-5.08%"
"05/04/2022","94.97","91.90","95.16","89.98","510.68K","3.66%"
"05/03/2022","91.62","91.46","92.25","90.77","703.43K","0.13%"
"05/02/2022","91.50","89.47","91.57","88.89","866.47K","2.13%"
"04/29/2022","89.59","92.36","93.75","89.46","567.35K","-4.13%"
"04/28/2022","93.45","91.18","94.05","90.37","469.80K","4.65%"
"04/27/2022","89.30","89.01","90.95","88.72","4.26M","0.11%"
"04/26/2022","89.20","91.94","91.94","89.20","756.72K","-3.78%"
"04/25/2022","92.70","90.48","92.77","90.34","458.59K","1.87%"
"04/22/2022","91.00","93.65","94.18","90.92","524.53K","-2.71%"
"04/21/2022","93.53","96.90","97.72","93.32","304.61K","-2.42%"
"04/20/2022","95.85","97.54","97.81","95.56","273.29K","-0.98%"
"04/19/2022","96.80","94.59","96.95","94.25","654.04K","2.12%"
"04/18/2022","94.79","94.17","95.36","93.84","500.59K","0.32%"
"04/14/2022","94.49","97.34","97.36","94.46","427.98K","-2.71%"
"04/13/2022","97.12","95.47","97.47","95.34","500.71K","1.83%"
"04/12/2022","95.37","97.43","98.01","94.96","304.86K","-0.45%"
"04/11/2022","95.80","97.00","97.07","95.71","589.53K","-2.43%"
"04/08/2022","98.19","99.48","99.48","98.03","216.17K","-1.75%"
"04/07/2022","99.94","99.26","100.59","98.34","334.34K","0.34%"
"04/06/2022","99.60","100.59","100.81","98.84","474.37K","-2.81%"
"04/05/2022","102.48","104.65","104.84","102.15","404.82K","-2.44%"
"04/04/2022","105.04","102.99","105.08","102.99","406.98K","2.22%"
"04/01/2022","102.76","103.16","103.51","101.63","322.39K","-0.27%"
"03/31/2022","103.04","104.76","104.82","103.00","420.69K","-1.68%"
"03/30/2022","104.80","105.80","106.13","104.27","297.78K","-1.55%"
"03/29/2022","106.45","105.58","106.60","104.77","765.75K","1.93%"
"03/28/2022","104.43","102.66","104.43","102.30","349.56K","1.24%"
"03/25/2022","103.15","103.49","103.56","101.90","595.34K","-0.20%"
"03/24/2022","103.36","101.07","103.38","100.71","651.20K","2.83%"
"03/23/2022","100.52","101.09","102.25","100.40","360.62K","-1.60%"
"03/22/2022","102.15","100.25","102.81","100.16","952.23K","1.77%"
"03/21/2022","100.37","100.22","100.98","98.93","335.85K","-0.19%"
"03/18/2022","100.56","97.91","100.70","97.57","799.30K","2.24%"
"03/17/2022","98.36","96.58","98.36","96.25","655.12K","1.11%"
"03/16/2022","97.28","94.88","97.29","93.66","509.80K","3.84%"
"03/15/2022","93.68","91.48","93.91","90.99","570.26K","3.19%"
"03/14/2022","90.78","92.48","93.43","90.50","906.59K","-2.47%"
"03/11/2022","93.08","96.11","96.11","92.96","385.67K","-2.23%"
"03/10/2022","95.20","95.25","95.49","93.81","337.71K","-1.67%"
"03/09/2022","96.82","95.41","97.23","94.73","517.59K","4.39%"
"03/08/2022","92.75","92.76","95.70","91.47","4.54M","-0.29%"
"03/07/2022","93.02","96.98","97.37","92.96","1.02M","-4.01%"
"03/04/2022","96.91","98.23","98.75","96.24","499.69K","-1.95%"
"03/03/2022","98.84","101.19","101.19","98.33","326.88K","-1.59%"
"03/02/2022","100.44","99.10","100.87","98.22","398.91K","2.01%"
"03/01/2022","98.46","99.97","100.55","97.75","462.96K","-1.68%"
"02/28/2022","100.14","98.95","100.66","98.49","481.38K","0.13%"
"02/25/2022","100.01","99.00","100.04","97.59","680.85K","1.28%"
"02/24/2022","98.75","91.61","98.90","91.42","1.04M","4.17%"
"02/23/2022","94.80","98.20","98.58","94.76","516.73K","-2.46%"
"02/22/2022","97.19","97.24","99.00","96.14","510.45K","-0.94%"
"02/18/2022","98.11","99.87","100.04","97.47","541.27K","-1.37%"
"02/17/2022","99.47","101.98","102.07","99.37","496.46K","-3.59%"
"02/16/2022","103.17","102.60","103.46","101.47","261.70K","-0.25%"
"02/15/2022","103.43","102.20","103.49","101.99","358.22K","2.75%"
"02/14/2022","100.66","100.33","101.61","99.56","443.55K","0.02%"
"02/11/2022","100.64","104.33","104.84","100.17","509.86K","-3.36%"
"02/10/2022","104.14","104.78","106.78","103.65","328.66K","-2.38%"
"02/09/2022","106.68","105.41","106.69","105.00","506.30K","2.50%"
"02/08/2022","104.08","102.33","104.39","102.26","407.16K","1.19%"
"02/07/2022","102.86","104.08","104.75","102.49","370.35K","-0.91%"
"02/04/2022","103.80","102.54","104.79","101.90","366.24K","0.96%"
"02/03/2022","102.81","104.63","105.75","102.52","465.66K","-4.45%"
"02/02/2022","107.60","107.88","108.16","106.24","476.90K","1.66%"
"02/01/2022","105.84","105.78","105.99","103.98","581.60K","0.55%"
"01/31/2022","105.26","102.49","105.38","102.00","474.62K","3.16%"
"01/28/2022","102.04","99.27","102.10","97.71","827.04K","3.72%"
"01/27/2022","98.38","100.99","101.57","98.11","828.38K","-0.87%"
"01/26/2022","99.24","101.82","102.88","98.14","1.22M","0.49%"
"01/25/2022","98.76","99.61","100.76","97.92","611.78K","-2.82%"
"01/24/2022","101.63","98.73","101.75","95.46","2.09M","1.00%"
"01/21/2022","100.62","102.48","103.85","100.62","1.15M","-2.23%"
"01/20/2022","102.91","105.38","106.60","102.77","992.17K","-1.40%"
"01/19/2022","104.37","106.09","107.46","104.29","638.96K","-1.23%"
"01/18/2022","105.67","106.75","107.58","105.41","694.17K","-2.75%"
"01/14/2022","108.66","106.76","108.72","106.71","470.30K","1.00%"
"01/13/2022","107.58","111.25","111.56","107.32","669.13K","-2.90%"
"01/12/2022","110.79","111.21","111.95","110.19","460.81K","0.48%"
"01/11/2022","110.26","108.55","110.42","107.86","598.89K","1.31%"
"01/10/2022","108.83","106.73","108.96","105.26","1.55M","0.38%"
"01/07/2022","108.42","109.47","110.24","107.64","4.54M","-1.01%"
"01/06/2022","109.53","109.00","110.60","108.53","1.06M","-0.12%"
"01/05/2022","109.66","113.12","113.16","109.62","761.24K","-3.73%"
"01/04/2022","113.91","115.58","115.70","112.74","761.76K","-1.30%"
"01/03/2022","115.41","114.96","115.80","114.14","881.98K","0.51%"
"12/31/2021","114.82","115.46","115.76","114.74","207.80K","-0.68%"
"12/30/2021","115.61","116.13","116.67","115.43","351.54K","-0.42%"
"12/29/2021","116.10","116.13","116.60","115.48","314.54K","-0.04%"
"12/28/2021","116.15","117.36","117.36","115.87","567.51K","-0.80%"
"12/27/2021","117.09","115.18","117.09","115.18","577.25K","2.04%"
"12/23/2021","114.75","114.20","115.17","114.12","406.22K","0.59%"
"12/22/2021","114.08","112.67","114.12","112.36","425.14K","1.13%"
"12/21/2021","112.81","111.23","112.95","110.00","556.07K","2.52%"
"12/20/2021","110.04","109.70","110.26","109.08","1.21M","-0.98%"
"12/17/2021","111.13","110.33","112.21","109.93","573.04K","-0.47%"
"12/16/2021","111.66","115.32","115.53","110.94","348.19K","-3.17%"
"12/15/2021","115.32","112.42","115.43","111.18","631.65K","2.65%"
"12/14/2021","112.34","112.67","113.30","110.99","392.06K","-1.68%"
"12/13/2021","114.26","116.04","116.35","114.17","355.56K","-1.53%"
"12/10/2021","116.04","115.55","116.17","114.75","276.10K","1.51%"
"12/09/2021","114.31","115.59","116.33","114.15","216.12K","-1.27%"
"12/08/2021","115.78","115.17","115.90","114.46","313.54K","0.69%"
"12/07/2021","114.99","113.35","115.21","113.35","319.98K","3.64%"
"12/06/2021","110.95","110.27","111.26","108.97","516.50K","0.77%"
"12/03/2021","110.10","112.53","112.88","108.79","4.72M","-1.80%"
"12/02/2021","112.12","110.25","112.68","110.18","558.53K","0.85%"
"12/01/2021","111.17","114.19","115.12","111.15","629.24K","-1.91%"
"11/30/2021","113.33","114.67","115.46","112.72","965.98K","-1.37%"
"11/29/2021","114.91","114.20","115.20","113.60","384.13K","2.50%"
"11/26/2021","112.11","113.47","114.18","111.81","401.20K","-2.28%"
"11/24/2021","114.72","113.28","114.74","112.46","289.04K","0.73%"
"11/23/2021","113.89","114.00","114.44","112.50","423.34K","-0.72%"
"11/22/2021","114.72","117.15","117.96","114.63","371.51K","-1.51%"
"11/19/2021","116.48","116.39","117.11","116.11","613.95K","0.50%"
"11/18/2021","115.90","115.55","116.12","114.69","552.32K","0.96%"
"11/17/2021","114.80","115.10","115.54","114.65","336.39K","-0.23%"
"11/16/2021","115.06","113.87","115.20","113.63","1.41M","0.89%"
"11/15/2021","114.05","114.53","114.59","113.39","601.69K","-0.11%"
"11/12/2021","114.17","113.09","114.30","112.77","389.20K","1.44%"
"11/11/2021","112.55","112.73","112.99","112.48","304.39K","0.60%"
"11/10/2021","111.88","112.86","113.84","111.49","349.28K","-2.26%"
"11/09/2021","114.47","115.02","115.12","113.91","428.03K","0.00%"
"11/08/2021","114.47","114.17","114.70","113.98","310.53K","0.60%"
"11/05/2021","113.79","114.01","114.68","113.11","565.23K","0.23%"
"11/04/2021","113.53","112.27","113.63","112.09","317.22K","1.57%"
"11/03/2021","111.77","110.85","111.87","110.63","567.22K","0.68%"
"11/02/2021","111.01","110.25","111.23","110.25","1.25M","0.79%"
"11/01/2021","110.14","110.30","110.30","109.68","627.49K","-0.21%"
"10/29/2021","110.37","108.69","110.44","108.55","212.61K","0.78%"
"10/28/2021","109.52","108.87","109.59","108.87","295.30K","1.00%"
"10/27/2021","108.44","108.43","109.42","108.14","293.97K","0.45%"
"10/26/2021","107.95","108.49","108.78","107.74","327.39K","0.06%"
"10/25/2021","107.89","107.82","108.18","107.17","246.01K","0.27%"
"10/22/2021","107.60","108.12","108.50","107.11","331.94K","-0.98%"
"10/21/2021","108.66","107.41","108.68","107.41","357.01K","0.69%"
"10/20/2021","107.92","108.25","108.34","107.44","285.95K","-0.08%"
"10/19/2021","108.01","107.35","108.14","107.23","439.22K","0.88%"
"10/18/2021","107.07","105.49","107.14","105.45","493.82K","1.10%"
"10/15/2021","105.91","105.79","105.92","105.35","287.32K","0.47%"
"10/14/2021","105.41","104.73","105.48","104.65","370.07K","2.15%"
"10/13/2021","103.19","102.75","103.29","102.40","263.94K","0.98%"
"10/12/2021","102.19","103.00","103.00","101.98","385.29K","-0.41%"
"10/11/2021","102.61","102.64","103.89","102.55","598.18K","-0.47%"
"10/08/2021","103.09","103.87","103.91","102.87","867.03K","-0.29%"
"10/07/2021","103.39","103.36","104.28","103.31","284.63K","0.95%"
"10/06/2021","102.42","100.62","102.50","100.50","874.39K","0.77%"
"10/05/2021","101.64","100.43","102.26","100.42","366.64K","1.53%"
"10/04/2021","100.11","100.97","100.98","99.31","1.95M","-2.39%"
"10/01/2021","102.56","101.70","102.88","100.67","951.31K","1.28%"
"09/30/2021","101.26","102.53","102.69","101.26","339.91K","-0.42%"
"09/29/2021","101.69","102.55","102.92","101.54","466.27K","-0.50%"
"09/28/2021","102.20","103.93","103.96","102.11","1.10M","-3.34%"
"09/27/2021","105.73","106.04","106.04","105.07","690.87K","-1.02%"
"09/24/2021","106.82","105.92","106.94","105.84","178.74K","0.20%"
"09/23/2021","106.61","106.00","106.89","105.64","253.88K","1.08%"
"09/22/2021","105.47","104.40","105.80","104.28","298.51K","1.10%"
"09/21/2021","104.32","104.50","104.97","103.99","355.69K","0.20%"
"09/20/2021","104.11","104.18","104.86","102.70","555.44K","-1.98%"
"09/17/2021","106.21","107.57","107.57","105.99","604.67K","-1.42%"
"09/16/2021","107.74","107.34","107.87","106.64","204.47K","0.12%"
"09/15/2021","107.61","106.92","107.72","106.23","581.01K","0.86%"
"09/14/2021","106.69","107.35","107.35","106.40","739.41K","-0.01%"
"09/13/2021","106.70","107.53","107.53","106.07","270.32K","0.00%"
"09/10/2021","106.70","108.33","108.64","106.58","327.95K","-0.91%"
"09/09/2021","107.68","108.30","108.44","107.64","243.55K","-0.28%"
"09/08/2021","107.98","108.67","108.67","107.34","525.43K","-0.74%"
"09/07/2021","108.79","109.00","109.00","108.27","386.39K","-0.05%"
"09/03/2021","108.84","108.18","109.03","108.14","171.80K","0.50%"
"09/02/2021","108.30","108.67","108.71","107.85","682.79K","0.02%"
"09/01/2021","108.28","108.93","109.11","108.24","507.71K","0.06%"
"08/31/2021","108.22","108.87","108.87","107.94","1.12M","-0.60%"
"08/30/2021","108.87","108.27","109.00","108.27","458.78K","1.11%"
"08/27/2021","107.67","106.58","107.79","106.44","605.33K","1.25%"
"08/26/2021","106.34","106.90","107.22","106.34","841.16K","-0.55%"
"08/25/2021","106.93","107.13","107.25","106.66","855.78K","0.13%"
"08/24/2021","106.79","106.80","107.02","106.63","462.97K","0.24%"
"08/23/2021","106.53","105.28","106.67","105.28","548.24K","1.53%"
"08/20/2021","104.92","103.95","105.03","103.85","206.57K","1.38%"
"08/19/2021","103.49","101.91","103.97","101.91","302.19K","0.80%"
"08/18/2021","102.67","103.69","104.12","102.55","182.81K","-1.17%"
"08/17/2021","103.89","104.15","104.43","103.33","189.82K","-1.04%"
"08/16/2021","104.98","104.51","104.99","103.39","422.03K","0.12%"
"08/13/2021","104.85","104.41","104.91","104.23","162.89K","0.46%"
"08/12/2021","104.37","103.25","104.40","103.18","326.39K","0.71%"
"08/11/2021","103.63","103.98","104.22","103.05","174.83K","-0.08%"
"08/10/2021","103.71","104.69","104.87","103.50","266.28K","-0.74%"
"08/09/2021","104.48","104.60","104.64","104.16","362.28K","-0.11%"
"08/08/2021","104.60","104.60","104.60","104.60","","0.00%"
"08/07/2021","104.60","104.60","104.60","104.60","","0.00%"
"08/06/2021","104.60","104.58","104.81","104.22","419.20K","-0.35%"
"08/05/2021","104.97","104.25","104.97","104.25","265.05K","0.48%"
"08/04/2021","104.47","104.05","104.66","103.78","239.83K","0.42%"
"08/03/2021","104.03","103.69","104.03","102.80","644.28K","0.71%"
"08/02/2021","103.30","103.73","103.92","103.03","1.01M","0.11%"
"07/30/2021","103.19","102.92","103.29","102.83","432.61K","-0.20%"
"07/29/2021","103.40","103.26","103.80","103.26","329.32K","0.27%"
"07/28/2021","103.12","103.09","103.55","102.05","343.81K","0.44%"
"07/27/2021","102.67","103.62","103.66","101.29","424.51K","-1.24%"
"07/26/2021","103.96","103.29","104.06","103.29","918.94K","0.07%"
"07/23/2021","103.89","103.07","103.94","102.70","1.23M","1.45%"
"07/22/2021","102.41","101.79","102.44","101.79","174.90K","0.85%"
"07/21/2021","101.55","100.48","101.55","100.32","543.35K","1.04%"
"07/20/2021","100.50","99.50","101.05","98.82","341.71K","1.53%"
"07/19/2021","98.99","98.77","99.21","98.27","418.83K","-0.93%"
"07/16/2021","99.92","101.23","101.45","99.85","249.96K","-0.90%"
"07/15/2021","100.83","101.43","101.66","100.27","627.84K","-1.05%"
"07/14/2021","101.90","102.39","102.65","101.58","443.85K","0.26%"
"07/13/2021","101.64","101.37","102.37","101.34","259.31K","0.15%"
"07/12/2021","101.49","101.60","101.70","101.13","2.32M","0.10%"
"07/09/2021","101.39","100.34","101.49","100.28","150.09K","0.84%"
"07/08/2021","100.55","99.68","100.91","99.35","711.32K","-0.96%"
"07/07/2021","101.52","101.96","101.96","100.91","306.97K","0.22%"
"07/06/2021","101.30","100.78","101.64","100.23","567.07K","0.52%"
"07/05/2021","100.78","100.78","100.78","100.78","","0.00%"
"07/04/2021","100.78","100.78","100.78","100.78","","0.00%"
"07/03/2021","100.78","100.78","100.78","100.78","","0.00%"
"07/02/2021","100.78","100.00","100.85","100.00","821.75K","1.31%"
"07/01/2021","99.48","99.27","99.50","98.81","433.79K","0.08%"
"06/30/2021","99.40","99.28","99.61","99.15","410.66K","-0.36%"
"06/29/2021","99.76","99.14","99.77","98.92","408.30K","0.57%"
"06/28/2021","99.19","98.65","99.21","98.57","290.90K","1.40%"
"06/25/2021","97.82","98.12","98.12","97.55","360.00K","-0.13%"
"06/24/2021","97.95","97.86","98.29","97.70","415.93K","0.69%"
"06/23/2021","97.28","97.36","97.65","97.07","402.03K","0.08%"
"06/22/2021","97.20","96.21","97.27","96.21","447.71K","0.96%"
"06/21/2021","96.28","95.50","96.32","94.72","2.34M","0.89%"
"06/18/2021","95.43","96.00","96.20","95.36","466.26K","-0.90%"
"06/17/2021","96.30","94.76","96.65","94.73","431.68K","1.29%"
"06/16/2021","95.07","95.47","95.93","94.08","168.91K","-0.42%"
"06/15/2021","95.47","96.11","96.14","95.28","345.10K","-0.75%"
"06/14/2021","96.19","95.19","96.19","94.94","153.94K","1.23%"
"06/11/2021","95.02","94.63","95.02","94.53","190.44K","0.55%"
"06/10/2021","94.50","93.83","94.54","93.55","166.08K","0.79%"
"06/09/2021","93.76","94.12","94.34","93.69","126.90K","0.05%"
"06/08/2021","93.71","94.16","94.65","93.40","126.03K","-0.02%"
"06/07/2021","93.73","93.21","93.78","93.08","192.31K","0.35%"
"06/04/2021","93.40","92.17","93.49","92.09","214.84K","2.02%"
"06/03/2021","91.55","91.74","91.99","91.00","148.65K","-0.99%"
"06/02/2021","92.47","92.34","92.81","92.02","242.94K","0.37%"
"06/01/2021","92.13","92.86","93.00","91.78","165.12K","-0.36%"
"05/28/2021","92.46","92.57","93.04","92.42","176.96K","0.26%"
"05/27/2021","92.22","92.51","92.84","92.20","159.65K","-0.42%"
"05/26/2021","92.61","92.54","92.78","92.35","307.57K","0.26%"
"05/25/2021","92.37","92.65","92.86","92.10","300.04K","0.15%"
"05/24/2021","92.23","91.18","92.58","91.18","132.70K","1.97%"
"05/21/2021","90.45","91.43","91.45","90.34","138.06K","-0.52%"
"05/20/2021","90.92","89.50","91.15","89.49","189.93K","2.09%"
"05/19/2021","89.06","87.09","89.13","87.00","309.50K","0.45%"
"05/18/2021","88.66","89.53","89.88","88.63","188.76K","-0.67%"
"05/17/2021","89.26","89.26","89.29","88.42","194.69K","-0.60%"
"05/14/2021","89.80","88.61","90.06","88.52","259.85K","2.59%"
"05/13/2021","87.53","87.61","88.46","86.86","262.69K","0.99%"
"05/12/2021","86.67","87.71","88.27","86.43","419.12K","-2.92%"
"05/11/2021","89.28","87.40","89.49","87.25","704.42K","-0.17%"
"05/10/2021","89.43","91.31","91.31","89.37","259.05K","-2.61%"
"05/07/2021","91.83","91.91","92.53","91.53","264.60K","0.96%"
"05/06/2021","90.96","90.24","91.00","89.45","260.46K","0.60%"
"05/05/2021","90.42","91.28","91.58","90.18","243.29K","-0.26%"
"05/04/2021","90.66","91.73","91.75","89.41","561.46K","-2.05%"
"05/03/2021","92.56","93.39","93.57","92.35","993.90K","-0.54%"
"04/30/2021","93.06","93.33","94.02","92.85","1.36M","-1.35%"
"04/29/2021","94.33","95.33","95.36","93.36","221.81K","0.12%"
"04/28/2021","94.22","94.65","94.80","93.99","164.18K","-0.52%"
"04/27/2021","94.71","95.16","95.19","94.42","137.38K","-0.31%"
"04/26/2021","95.00","94.43","95.13","94.25","228.64K","0.72%"
"04/23/2021","94.32","92.97","94.58","92.97","261.33K","1.68%"
"04/22/2021","92.76","93.76","94.20","92.45","257.62K","-1.15%"
"04/21/2021","93.84","92.85","93.89","92.64","152.59K","0.83%"
"04/20/2021","93.07","93.82","94.13","92.49","413.47K","-0.92%"
"04/19/2021","93.93","94.39","94.94","93.39","176.87K","-0.99%"
"04/16/2021","94.87","95.26","95.26","94.39","468.21K","-0.21%"
"04/15/2021","95.07","94.33","95.11","94.30","435.03K","1.82%"
"04/14/2021","93.37","94.62","94.62","93.18","391.42K","-1.26%"
"04/13/2021","94.56","93.90","94.64","93.84","182.31K","1.16%"
"04/12/2021","93.48","93.65","93.77","93.00","273.62K","-0.51%"
"04/09/2021","93.96","92.82","93.99","92.59","198.70K","0.76%"
"04/08/2021","93.25","92.82","93.25","92.68","250.90K","1.39%"
"04/07/2021","91.97","91.34","92.11","91.10","263.58K","0.65%"
"04/06/2021","91.38","91.39","92.01","91.16","371.64K","-0.23%"
"04/05/2021","91.59","90.29","91.75","90.16","663.03K","2.08%"
"04/01/2021","89.72","88.85","89.75","88.85","2.17M","2.30%"
"03/31/2021","87.70","86.78","88.36","86.78","1.16M","1.86%"
"03/30/2021","86.10","86.07","86.28","85.40","601.56K","-0.63%"
"03/29/2021","86.65","86.82","87.16","86.04","342.86K","-0.43%"
"03/26/2021","87.02","85.18","87.11","85.18","889.23K","2.09%"
"03/25/2021","85.24","84.85","85.76","84.12","1.42M","-0.30%"
"03/24/2021","85.50","87.60","87.60","85.50","1.16M","-1.87%"
"03/23/2021","87.13","87.99","88.39","86.89","2.68M","-0.60%"
"03/22/2021","87.66","86.50","88.20","86.50","1.64M","1.94%"
"03/19/2021","85.99","85.63","86.61","85.07","3.03M","0.48%"
"03/18/2021","85.58","87.04","87.27","85.55","297.23K","-3.21%"
"03/17/2021","88.42","87.42","89.01","86.68","835.25K","0.08%"
"03/16/2021","88.35","88.26","89.37","87.81","2.68M","0.87%"
"03/15/2021","87.59","86.62","87.63","86.29","3.35M","1.19%"
"03/12/2021","86.56","86.20","86.56","85.48","1.17M","-0.97%"
"03/11/2021","87.41","86.50","87.84","86.46","899.04K","2.67%"
"03/10/2021","85.14","86.74","86.82","85.03","1.30M","-0.60%"
"03/09/2021","85.65","84.59","86.24","84.50","1.04M","3.88%"
"03/08/2021","82.45","85.13","85.48","82.35","982.77K","-3.30%"
"03/05/2021","85.26","84.79","85.52","82.18","1.29M","1.74%"
"03/04/2021","83.80","85.19","86.10","82.71","1.49M","-1.95%"
"03/03/2021","85.47","87.79","88.05","85.31","1.08M","-2.96%"
"03/02/2021","88.08","89.94","90.00","88.04","674.57K","-1.87%"
"03/01/2021","89.76","88.41","89.85","87.94","449.61K","3.27%"
"02/26/2021","86.92","87.13","88.39","86.06","1.48M","0.80%"
"02/25/2021","86.23","88.93","89.65","85.92","741.07K","-3.77%"
"02/24/2021","89.61","87.94","89.71","87.15","631.88K","1.00%"
"02/23/2021","88.72","87.38","89.17","85.46","1.45M","-0.34%"
"02/22/2021","89.02","90.38","90.68","88.98","345.33K","-2.73%"
"02/19/2021","91.52","92.03","92.22","91.13","532.31K","0.00%"
"02/18/2021","91.52","91.02","91.71","90.37","604.78K","-0.53%"
"02/17/2021","92.01","91.96","92.21","90.92","445.26K","-0.93%"
"02/16/2021","92.87","93.41","93.67","92.48","504.45K","-0.25%"
"02/12/2021","93.10","92.33","93.13","92.03","346.11K","0.50%"
"02/11/2021","92.64","92.30","92.68","91.69","476.10K","0.92%"
"02/10/2021","91.80","92.10","92.45","90.86","643.88K","0.14%"
"02/09/2021","91.67","91.41","92.17","91.41","264.30K","-0.03%"
"02/08/2021","91.70","91.20","91.70","90.98","273.30K","0.85%"
"02/05/2021","90.93","90.83","91.13","90.42","369.88K","0.36%"
"02/04/2021","90.60","90.00","90.60","89.46","546.91K","1.14%"
"02/03/2021","89.58","90.07","90.33","89.36","419.59K","0.26%"
"02/02/2021","89.35","89.02","89.62","88.80","460.30K","1.44%"
"02/01/2021","88.08","86.83","88.45","86.10","367.85K","2.68%"
"01/29/2021","85.78","87.21","87.44","85.17","543.77K","-2.25%"
"01/28/2021","87.75","87.60","89.13","87.51","692.03K","0.43%"
"01/27/2021","87.37","88.79","89.06","86.57","2.33M","-2.23%"
"01/26/2021","89.36","89.51","89.74","88.96","457.17K","0.00%"
"01/25/2021","89.36","89.75","90.24","87.24","674.26K","0.82%"
"01/22/2021","88.63","88.40","88.93","88.30","391.43K","-0.12%"
"01/21/2021","88.74","88.15","88.98","87.75","543.33K","1.29%"
"01/20/2021","87.61","86.47","87.90","86.37","661.76K","2.31%"
"01/19/2021","85.63","84.92","85.83","84.64","645.76K","1.59%"
"01/15/2021","84.29","85.08","85.39","84.15","267.45K","-0.88%"
"01/14/2021","85.04","85.60","86.07","84.93","379.62K","-0.54%"
"01/13/2021","85.50","85.19","85.83","84.98","324.21K","0.45%"
"01/12/2021","85.12","85.16","85.45","84.32","284.76K","-0.13%"
"01/11/2021","85.23","85.13","85.90","84.73","424.13K","-0.87%"
"01/08/2021","85.98","85.94","86.23","85.03","401.44K","0.71%"
"01/07/2021","85.37","83.74","85.60","83.74","797.49K","2.97%"
"01/06/2021","82.91","83.02","84.39","82.67","504.27K","-1.88%"
"01/05/2021","84.50","83.50","84.60","83.50","510.59K","0.81%"
"01/04/2021","83.82","85.53","85.53","82.69","757.76K","-1.48%"
"12/31/2020","85.08","85.18","85.32","84.58","208.11K","0.01%"
"12/30/2020","85.07","85.63","85.84","85.02","183.76K","-0.30%"
"12/29/2020","85.33","86.32","86.42","85.18","317.15K","-0.58%"
"12/28/2020","85.83","85.96","85.98","85.24","246.96K","0.76%"
"12/24/2020","85.18","84.91","85.43","84.86","105.89K","0.42%"
"12/23/2020","84.82","85.54","85.54","84.78","222.42K","-0.74%"
"12/22/2020","85.45","85.15","85.84","84.66","357.65K","0.92%"
"12/21/2020","84.67","83.54","84.71","82.84","329.23K","0.22%"
"12/18/2020","84.48","84.85","84.85","83.97","403.49K","-0.21%"
"12/17/2020","84.66","84.71","84.87","84.29","472.05K","0.62%"
"12/16/2020","84.14","83.67","84.39","83.40","202.47K","0.66%"
"12/15/2020","83.59","83.01","83.59","82.69","193.84K","1.62%"
"12/14/2020","82.26","82.31","82.88","82.20","225.39K","0.18%"
"12/11/2020","82.11","81.68","82.14","81.17","171.48K","-0.02%"
"12/10/2020","82.13","81.22","82.47","81.00","254.98K","0.51%"
"12/09/2020","81.71","83.51","83.77","81.44","482.73K","-2.18%"
"12/08/2020","83.53","83.16","83.81","82.81","389.81K","0.37%"
"12/07/2020","83.22","83.07","83.37","82.90","174.26K","0.36%"
"12/04/2020","82.92","82.35","82.93","82.23","224.77K","0.84%"
"12/03/2020","82.23","82.28","82.75","82.07","265.99K","0.06%"
"12/02/2020","82.18","81.72","82.27","81.14","375.82K","0.07%"
"12/01/2020","82.12","81.75","82.53","81.34","568.10K","1.02%"
"11/30/2020","81.29","80.84","81.32","79.75","417.18K","0.66%"
"11/27/2020","80.76","80.48","81.06","80.48","134.34K","0.91%"
"11/25/2020","80.03","79.92","80.21","79.67","245.80K","0.46%"
"11/24/2020","79.66","78.98","79.78","78.47","429.91K","1.09%"
"11/23/2020","78.80","79.22","79.50","78.25","770.78K","-0.24%"
"11/20/2020","78.99","79.66","79.90","78.99","224.14K","-0.82%"
"11/19/2020","79.64","78.57","79.68","78.37","301.00K","1.21%"
"11/18/2020","78.69","79.43","79.71","78.69","282.88K","-1.09%"
"11/17/2020","79.56","79.52","79.89","79.16","475.38K","-0.34%"
"11/16/2020","79.83","78.97","79.96","78.97","232.40K","0.86%"
"11/13/2020","79.15","79.11","79.27","78.42","277.77K","0.66%"
"11/12/2020","78.63","79.19","79.72","78.36","231.02K","-0.47%"
"11/11/2020","79.00","77.81","79.24","77.81","363.91K","2.52%"
"11/10/2020","77.06","77.83","78.52","76.13","770.75K","-2.28%"
"11/09/2020","78.86","81.26","82.01","78.68","531.56K","-2.21%"
"11/06/2020","80.64","79.96","80.77","79.00","534.05K","0.51%"
"11/05/2020","80.23","79.90","80.40","79.43","846.67K","3.08%"
"11/04/2020","77.83","77.01","78.28","76.31","643.51K","4.60%"
"11/03/2020","74.41","73.72","75.00","73.50","392.90K","1.72%"
"11/02/2020","73.15","73.65","74.26","72.39","519.53K","-0.05%"
"10/30/2020","73.19","74.23","74.47","72.42","542.60K","-2.23%"
"10/29/2020","74.86","74.00","75.81","74.00","444.97K","1.70%"
"10/28/2020","73.61","75.36","75.56","73.55","501.36K","-4.09%"
"10/27/2020","76.75","76.58","77.02","76.26","827.24K","0.74%"
"10/26/2020","76.19","76.99","77.68","75.27","452.41K","-2.07%"
"10/23/2020","77.80","77.66","77.80","77.06","343.21K","0.24%"
"10/22/2020","77.61","77.87","78.14","76.68","379.04K","-0.24%"
"10/21/2020","77.80","77.98","78.75","77.77","277.73K","-0.26%"
"10/20/2020","78.00","78.12","78.73","77.58","288.36K","0.26%"
"10/19/2020","77.80","79.50","79.83","77.66","335.49K","-1.48%"
"10/16/2020","78.97","79.80","79.95","78.97","493.18K","-0.35%"
"10/15/2020","79.25","78.12","79.41","78.03","488.38K","-0.46%"
"10/14/2020","79.62","80.31","80.56","78.96","409.62K","-0.55%"
"10/13/2020","80.06","80.67","80.94","79.83","398.26K","-0.19%"
"10/12/2020","80.21","79.22","80.86","78.96","675.50K","2.87%"
"10/09/2020","77.97","77.27","78.01","77.27","416.17K","1.47%"
"10/08/2020","76.84","76.99","77.08","76.54","298.96K","0.59%"
"10/07/2020","76.39","75.70","76.53","75.70","1.23M","1.79%"
"10/06/2020","75.05","75.97","76.62","74.78","418.85K","-1.33%"
"10/05/2020","76.06","74.94","76.08","74.94","334.07K","2.22%"
"10/02/2020","74.41","74.52","75.79","74.13","427.09K","-2.45%"
"10/01/2020","76.28","76.33","76.41","75.82","549.36K","1.34%"
"09/30/2020","75.27","74.64","76.02","74.60","590.11K","0.76%"
"09/29/2020","74.70","74.84","75.11","74.49","419.78K","-0.25%"
"09/28/2020","74.89","74.87","74.89","74.11","1.16M","1.78%"
"09/25/2020","73.58","71.88","73.73","71.45","477.71K","2.61%"
"09/24/2020","71.71","70.67","72.60","70.67","588.77K","0.45%"
"09/23/2020","71.39","73.56","73.62","71.20","463.91K","-3.09%"
"09/22/2020","73.67","73.31","73.84","72.03","1.00M","1.66%"
"09/21/2020","72.47","70.45","72.47","70.31","932.61K","1.13%"
"09/18/2020","71.66","73.11","73.11","70.84","946.76K","-1.67%"
"09/17/2020","72.88","71.95","73.39","71.81","2.76M","-1.21%"
"09/16/2020","73.77","75.20","75.37","73.66","596.38K","-1.71%"
"09/15/2020","75.05","75.26","75.51","74.53","677.57K","1.31%"
"09/14/2020","74.08","74.04","74.77","73.58","1.12M","1.60%"
"09/11/2020","72.91","74.20","74.41","71.90","1.84M","-0.78%"
"09/10/2020","73.48","75.97","76.14","73.03","731.84K","-1.90%"
"09/09/2020","74.90","74.34","75.69","73.68","1.03M","2.97%"
"09/08/2020","72.74","73.16","75.11","72.70","1.03M","-4.62%"
"09/04/2020","76.26","76.95","78.04","73.00","1.31M","-1.69%"
"09/03/2020","77.57","80.97","80.99","76.85","1.34M","-5.94%"
"09/02/2020","82.47","82.78","82.78","80.80","808.03K","1.07%"
"09/01/2020","81.60","80.44","81.62","80.18","429.45K","2.26%"
"08/31/2020","79.80","79.72","80.28","79.33","414.55K","0.40%"
"08/28/2020","79.48","79.22","79.66","79.02","403.30K","0.81%"
"08/27/2020","78.84","79.37","79.50","78.25","717.91K","-0.43%"
"08/26/2020","79.18","77.91","79.19","77.91","614.70K","2.62%"
"08/25/2020","77.16","76.46","77.16","76.30","1.91M","0.76%"
"08/24/2020","76.58","77.15","77.26","76.00","390.30K","0.68%"
"08/21/2020","76.06","75.25","76.10","75.24","492.13K","1.04%"
"08/20/2020","75.28","73.96","75.38","73.81","395.74K","1.47%"
"08/19/2020","74.19","74.56","74.88","74.08","335.25K","-0.16%"
"08/18/2020","74.31","74.06","74.44","73.67","379.69K","0.58%"
"08/17/2020","73.88","73.85","73.99","73.68","478.23K","0.63%"
"08/14/2020","73.42","73.51","73.62","73.01","268.26K","-0.14%"
"08/13/2020","73.52","73.46","74.09","73.22","289.63K","0.27%"
"08/12/2020","73.32","72.20","73.53","72.20","521.86K","2.26%"
"08/11/2020","71.70","72.77","73.15","71.58","495.10K","-2.00%"
"08/10/2020","73.16","73.47","73.59","72.05","765.21K","-0.29%"
"08/07/2020","73.37","74.17","74.32","72.71","575.43K","-1.45%"
"08/06/2020","74.45","73.39","74.45","73.16","405.58K","1.49%"
"08/05/2020","73.36","73.42","73.53","73.00","304.22K","0.12%"
"08/04/2020","73.27","73.05","73.27","72.58","544.08K","0.26%"
"08/03/2020","73.08","72.39","73.30","72.38","517.19K","2.22%"
"07/31/2020","71.49","71.04","71.50","69.77","912.97K","2.32%"
"07/30/2020","69.87","68.60","69.89","68.39","207.96K","0.78%"
"07/29/2020","69.33","68.69","69.54","68.69","367.99K","1.52%"
"07/28/2020","68.29","68.95","69.10","68.22","1.05M","-1.27%"
"07/27/2020","69.17","68.47","69.25","68.42","492.09K","1.63%"
"07/24/2020","68.06","67.78","68.49","66.98","463.62K","-1.23%"
"07/23/2020","68.91","70.58","70.96","68.57","582.97K","-2.78%"
"07/22/2020","70.88","70.54","71.14","70.33","679.48K","0.62%"
"07/21/2020","70.44","71.73","71.73","70.23","902.93K","-1.11%"
"07/20/2020","71.23","69.42","71.32","69.08","569.84K","2.83%"
"07/17/2020","69.27","69.36","69.44","68.64","305.38K","0.35%"
"07/16/2020","69.03","68.92","69.16","68.30","542.62K","-0.95%"
"07/15/2020","69.69","69.94","70.25","68.84","459.78K","0.23%"
"07/14/2020","69.53","68.23","69.58","67.47","582.86K","0.96%"
"07/13/2020","68.87","71.21","71.61","68.67","735.10K","-2.38%"
"07/10/2020","70.55","70.39","70.57","69.66","284.78K","0.03%"
"07/09/2020","70.53","70.66","70.70","69.42","700.28K","0.73%"
"07/08/2020","70.02","69.27","70.02","69.03","545.79K","1.76%"
"07/07/2020","68.81","69.25","70.08","68.72","336.82K","-0.82%"
"07/06/2020","69.38","68.89","69.69","68.89","1.08M","1.98%"
"07/02/2020","68.03","68.38","68.58","67.95","372.32K","0.47%"
"07/01/2020","67.71","67.43","68.04","67.20","386.96K","0.39%"
"06/30/2020","67.45","66.09","67.56","66.05","635.30K","2.03%"
"06/29/2020","66.11","65.22","66.11","64.47","412.53K","1.12%"
"06/26/2020","65.38","66.72","66.84","65.25","386.16K","-2.29%"
"06/25/2020","66.91","66.16","66.94","65.53","269.47K","1.07%"
"06/24/2020","66.20","67.38","67.77","65.86","915.77K","-2.11%"
"06/23/2020","67.63","67.74","68.34","67.48","1.09M","0.65%"
"06/22/2020","67.19","66.12","67.23","66.07","459.36K","1.71%"
"06/19/2020","66.06","67.11","67.11","65.66","467.59K","-0.36%"
"06/18/2020","66.30","65.92","66.33","65.75","225.25K","0.45%"
"06/17/2020","66.00","66.36","66.55","65.85","371.18K","0.09%"
"06/16/2020","65.94","66.33","66.42","64.95","509.55K","2.00%"
"06/15/2020","64.65","62.59","64.84","62.59","497.44K","1.19%"
"06/12/2020","63.89","64.92","65.16","62.86","601.52K","1.16%"
"06/11/2020","63.16","65.48","65.87","63.13","773.98K","-5.65%"
"06/10/2020","66.94","66.41","67.35","66.24","466.37K","1.52%"
"06/09/2020","65.94","65.28","66.19","65.16","553.18K","0.53%"
"06/08/2020","65.59","64.97","65.59","64.44","589.04K","0.86%"
"06/05/2020","65.03","64.03","65.28","63.84","521.20K","2.09%"
"06/04/2020","63.70","64.00","64.43","63.28","1.64M","-0.75%"
"06/03/2020","64.18","64.03","64.41","63.77","741.31K","0.67%"
"06/02/2020","63.75","63.32","63.75","62.58","1.09M","0.77%"
"06/01/2020","63.26","62.81","63.36","62.62","409.99K","0.44%"
"05/29/2020","62.98","62.35","63.18","61.93","404.54K","1.35%"
"05/28/2020","62.14","61.98","63.30","61.95","545.06K","-0.38%"
"05/27/2020","62.38","61.94","62.38","60.54","608.25K","0.47%"
"05/26/2020","62.09","63.55","63.55","62.01","1.33M","-0.26%"
"05/22/2020","62.25","61.78","62.33","61.56","254.72K","0.55%"
"05/21/2020","61.91","62.58","62.88","61.80","355.40K","-1.07%"
"05/20/2020","62.58","61.98","62.66","61.98","578.56K","2.46%"
"05/19/2020","61.08","61.27","61.99","61.08","1.97M","-0.11%"
"05/18/2020","61.15","61.05","61.49","60.83","2.44M","2.00%"
"05/15/2020","59.95","58.67","59.98","58.61","372.08K","0.40%"
"05/14/2020","59.71","58.44","59.71","57.92","511.72K","1.31%"
"05/13/2020","58.94","60.16","60.53","58.19","646.13K","-1.91%"
"05/12/2020","60.09","61.61","61.75","60.09","459.94K","-2.13%"
"05/11/2020","61.40","60.42","61.72","60.42","507.39K","0.99%"
"05/08/2020","60.80","60.35","60.81","59.95","784.34K","1.59%"
"05/07/2020","59.85","59.80","60.12","59.56","398.08K","1.42%"
"05/06/2020","59.01","59.07","59.57","58.71","455.68K","0.79%"
"05/05/2020","58.55","58.38","59.25","58.25","1.46M","1.49%"
"05/04/2020","57.69","56.59","57.70","56.40","1.70M","1.41%"
"05/01/2020","56.89","57.28","57.95","56.67","402.18K","-2.87%"
"04/30/2020","58.57","58.91","58.91","58.15","526.30K","-0.03%"
"04/29/2020","58.59","57.47","58.84","57.31","659.43K","4.12%"
"04/28/2020","56.27","57.89","57.92","56.20","649.76K","-1.61%"
"04/27/2020","57.19","57.45","57.52","56.97","405.43K","0.70%"
"04/24/2020","56.79","55.90","56.81","55.50","950.32K","1.92%"
"04/23/2020","55.72","56.17","56.70","55.62","837.23K","-0.57%"
"04/22/2020","56.04","55.19","56.31","55.09","1.05M","4.05%"
"04/21/2020","53.86","55.49","55.61","53.52","504.17K","-4.37%"
"04/20/2020","56.32","56.32","57.16","56.29","408.00K","-1.35%"
"04/17/2020","57.09","57.42","57.42","56.30","757.24K","1.15%"
"04/16/2020","56.44","56.38","56.62","55.62","440.16K","1.29%"
"04/15/2020","55.72","55.51","56.09","55.06","711.19K","-1.47%"
"04/14/2020","56.55","55.38","56.67","55.22","638.36K","4.16%"
"04/13/2020","54.29","53.77","54.29","53.13","629.84K","0.57%"
"04/09/2020","53.98","54.60","54.76","53.54","700.88K","0.07%"
"04/08/2020","53.94","53.10","54.06","52.71","801.66K","2.80%"
"04/07/2020","52.47","54.61","54.61","52.44","937.47K","-0.53%"
"04/06/2020","52.75","50.91","53.05","50.54","758.21K","8.05%"